INSERT INTO `persona` (`ID_PERSONA`, `tipo`, `CELULAR`, `DIRECCION`, `DNI`, `EMAIL`, `FECHANACIMIENTO`, `FOTO`, `LUGAREXPEDICION`, `LUGARNACIMIENTO`, `NACIONALIDAD`, `NOMBRE`, `PRIMERAPELLIDO`, `SEGUNDOAPELLIDO`, `SEXO`, `TELEFONO`) VALUES
(1, 'Empleado', NULL, NULL, NULL, 'maacrazy@gmail.com', '1985-03-26', NULL, NULL, NULL, NULL, 'Admin', ' ', NULL, NULL, NULL);

INSERT INTO `usuario` (`id_persona`, `CONTRASENA`, `USUARIO`) VALUES
(1, 'e239f67756bba3af660e4226c340183a9ca4bdc40038c0cfdea2fbaa59605be32548df2535e5a9f9ceedb12d9666c6fb153ada99830ed5cd84eb0c2c4d00260a', 'admin');

INSERT INTO `empleado` (`id_persona`, `ABREVIATURAPROFESION`, `CODIGO`) VALUES
(1, NULL, NULL);

INSERT INTO `rol` (`ID_ROL`, `NOMBRE`) VALUES
(1, 'Administrador'),
(2, 'Estudiante'),
(3, 'Docente'),
(4, 'Secretaría'),
(5, 'Jefe de Carrera'),
(6, 'Director Academico'),
(7, 'Director Administrativo'),
(8, 'Rector');

INSERT INTO recurso (ID_RECURSO,NOMBRE,URLPATTERN) VALUES
	 (1,'Home','/home.xhtml'),
	 (2,'Calendario Academico','/calendarioAcademico.xhtml'),
	 (3,'Cambiar Contraseña','/cambiarContrasena.xhtml'),
	 (4,'Administrador > Instituto','/administrador/instituto.xhtml'),
	 (5,'Administrador > Empleados','/administrador/empleado/'),
	 (6,'Administrador > Empresas','/administrador/empresa/'),
	 (7,'Administrador > Roles','/administrador/rol/'),
	 (8,'Administrador > Usuarios','/administrador/usuario/'),
	 (9,'Planes de Estudio > Campus','/planesEstudio/campus/'),
	 (10,'Planes de Estudio > Carreras','/planesEstudio/carrera/'),
	 (11,'Planes de Estudio > Menciones','/planesEstudio/mencion/'),
	 (12,'Planes de Estudio > Modulos','/planesEstudio/materia/'),
	 (13,'Planes de Estudio > Pasantias','/planesEstudio/pasantia/'),
	 (14,'Gestiónes Académicas > Calendario Académico','/gestionesAcademicas/calendarioAcademico/'),
	 (15,'Gestiónes Académicas > Gestiones Académicas','/gestionesAcademicas/gestionAcademica/'),
	 (16,'Gestiónes Académicas > Grupos','/gestionesAcademicas/grupo/'),
	 (17,'Gestiónes Académicas > Grupos Pasantia','/gestionesAcademicas/grupoPasantia/'),
	 (18,'Horarios > Asignación Docente','/horarios/asignacionDocente/'),
	 (19,'Admisiones > Postulantes','/admisiones/'),
	 (20,'Inscripciones > Estudiante Nuevo','/inscripciones/estudianteNuevo/'),
	 (21,'Inscripciones > Estudiante Nuevo Postulación','/inscripciones/estudianteNuevoPostulacion/'),
	 (22,'Inscripciones > Estudiante Regular','/inscripciones/estudianteRegular/'),
	 (23,'Inscripciones > Cambio de Carrera','/inscripciones/cambioCarrera/'),
	 (24,'Inscripciones > Inscripción Manual','/inscripciones/inscripcionManual/'),
	 (25,'Inscripciones > Inscritos','/inscripciones/inscritos.xhtml'),
	 (26,'Pasantias > Inscripción Pasantia','/pasantias/inscripcionPasantia/'),
	 (27,'Pasantias > Pasantias','/pasantias/pasantias/'),
	 (28,'Pagos > Nuevo Pago Estudiante','/pagos/nuevoPagoEstudiante/'),
	 (29,'Pagos > Nuevo Pago Postulante','/pagos/nuevoPagoPostulante/'),
	 (30,'Pagos > Nuevo Pago','/pagos/nuevoPago/'),
	 (31,'Pagos > Pagos','/pagos/pagos/'),
	 (32,'Estudiante (Solo para estudiantes)','/estudiante/'),
	 (33,'Registro Docente (Solo para docentes)','/registroDocente/'),
	 (34,'File Estudiante > Historial Academico','/fileEstudiante/historialAcademico/'),
	 (35,'File Estudiante > Historial Economico','/fileEstudiante/historialEconomico/'),
	 (36,'File Estudiante > Estudiantes','/fileEstudiante/estudiante/'),
	 (37,'Registro Notas (Solo para administradores)','/registroNotas/'),
	 (38,'Reportes > Dashboard','/reportes/dashboard.xhtml'),
	 (39,'Reportes > Malla Curricular','/reportes/mallaCurricular/'),
	 (40,'Reportes > Inscripciones > Lista Postulantes','/reportes/inscripciones/listaPostulantes/'),
	 (41,'Reportes > Inscripciones > Lista Inscritos Carrera','/reportes/inscripciones/listaInscritosCarrera/'),
	 (42,'Reportes > Inscripciones > Lista Inscritos Paralelo','/reportes/inscripciones/listaInscritosParalelo/'),
	 (43,'Reportes > Inscripciones > Lista Inscritos Grupo','/reportes/inscripciones/listaInscritosGrupo/'),
	 (44,'Reportes > Inscripciones > Libro de Inscripciones','/reportes/inscripciones/libroInscripciones/'),
	 (45,'Reportes > Inscripciones > Libro de Inscripciones Carrera','/reportes/inscripciones/libroInscripcionesCarrera/'),
	 (46,'Reportes > Inscripciones > Lista Inscritos Multicarrera','/reportes/inscripciones/listaInscritosMulticarrera/'),
	 (47,'Reportes > Pasantias > Ficha de Inscripción','/reportes/pasantias/fichaInscripcion/'),
	 (48,'Reportes > Pasantias > Cuadernillo Pasantia','/reportes/pasantias/cuadernilloPasantia/'),
	 (49,'Reportes > Pasantias > Ficha de Evaluación Empresa','/reportes/pasantias/fichaEvaluacionEmpresa/'),
	 (50,'Reportes > Pasantias > Ficha de Evaluación Tutor','/reportes/pasantias/fichaEvaluacionTutor/'),
	 (51,'Reportes > Pagos > Historial Economico','/reportes/pagos/historialEconomico/'),
	 (52,'Reportes > Pagos > Lista de Cobros','/reportes/pagos/listaCobros/'),
	 (53,'Reportes > Notas > Boletín Notas','/reportes/notas/boletinNotas/'),
	 (54,'Reportes > Notas > Boletín Notas Carrera','/reportes/notas/boletinNotasCarrera/'),
	 (55,'Reportes > Notas > Planilla Seguimiento','/reportes/notas/planillaSeguimiento/'),
	 (56,'Reportes > Notas > Seguimiento Académico','/reportes/notas/reporteSeguimientoAcademico.xhtml'),
	 (57,'Reportes > Notas > Registro Notas','/reportes/notas/registroNotas/'),
	 (58,'Reportes > Notas > Habilitados Recuperatorio','/reportes/notas/habilitadosRecuperatorio/'),
	 (59,'Reportes > Notas > Notas Faltantes','/reportes/notas/notasFaltantes/'),
	 (60,'Reportes > Historial Academico','/reportes/historialAcademico/'),
	 (61,'Reportes > Centralizador Calificaciones','/reportes/centralizadorCalificaciones/'),
	 (62,'Administrador > Logs','/administrador/logs.xhtml'),
         (63,'Reportes > Centralizador Calificaciones PRAE','/reportes/centralizadorCalificacionesPRAE/');

INSERT INTO `privilegio` (`id_recurso`, `id_rol`) VALUES
(1, 1),
(2, 1),
(3, 1),
(4, 1),
(5, 1),
(6, 1),
(7, 1),
(8, 1),
(9, 1),
(10, 1),
(11, 1),
(12, 1),
(13, 1),
(14, 1),
(15, 1),
(16, 1),
(17, 1),
(18, 1),
(19, 1),
(20, 1),
(21, 1),
(22, 1),
(23, 1),
(24, 1),
(25, 1),
(26, 1),
(27, 1),
(28, 1),
(29, 1),
(30, 1),
(31, 1),
(34, 1),
(35, 1),
(36, 1),
(37, 1),
(38, 1),
(39, 1),
(40, 1),
(41, 1),
(42, 1),
(43, 1),
(44, 1),
(45, 1),
(46, 1),
(47, 1),
(48, 1),
(49, 1),
(50, 1),
(51, 1),
(52, 1),
(53, 1),
(54, 1),
(55, 1),
(56, 1),
(57, 1),
(58, 1),
(59, 1),
(60, 1),
(61, 1),
(62, 1),
(63, 1);

INSERT INTO `privilegio` (`id_recurso`, `id_rol`) VALUES
(1, 2),
(2, 2),
(3, 2),
(32, 2);

INSERT INTO `privilegio` (`id_recurso`, `id_rol`) VALUES
(1, 3),
(2, 3),
(3, 3),
(33, 3);

INSERT INTO `privilegio` (`id_recurso`, `id_rol`) VALUES
(1, 4),
(2, 4),
(3, 4),
(5, 4),
(6, 4),
(19, 4),
(20, 4),
(21, 4),
(22, 4),
(23, 4),
(24, 4),
(25, 4),
(26, 4),
(27, 4),
(28, 4),
(29, 4),
(30, 4),
(31, 4),
(34, 4),
(35, 4),
(36, 4),
(38, 4),
(39, 4),
(40, 4),
(41, 4),
(42, 4),
(43, 4),
(44, 4),
(45, 4),
(46, 4),
(47, 4),
(48, 4),
(49, 4),
(50, 4),
(51, 4),
(52, 4),
(53, 4),
(54, 4),
(55, 4),
(56, 4),
(57, 4),
(58, 4),
(59, 4),
(60, 4),
(61, 4),
(63, 4);

INSERT INTO `privilegio` (`id_recurso`, `id_rol`) VALUES
(1, 5),
(2, 5),
(3, 5),
(18, 5),
(39, 5),
(41, 5),
(42, 5),
(43, 5),
(47, 5),
(53, 5),
(54, 5),
(55, 5),
(57, 5),
(58, 5);

INSERT INTO `privilegio` (`id_recurso`, `id_rol`) VALUES
(1, 6),
(2, 6),
(3, 6),
(5, 6),
(6, 6),
(9, 6),
(10, 6),
(11, 6),
(12, 6),
(13, 6),
(14, 6),
(15, 6),
(16, 6),
(17, 6),
(18, 6),
(19, 6),
(20, 6),
(21, 6),
(22, 6),
(23, 6),
(24, 6),
(25, 6),
(26, 6),
(27, 6),
(28, 6),
(29, 6),
(30, 6),
(31, 6),
(34, 6),
(35, 6),
(36, 6),
(37, 6),
(38, 6),
(39, 6),
(40, 6),
(41, 6),
(42, 6),
(43, 6),
(44, 6),
(45, 6),
(46, 6),
(47, 6),
(48, 6),
(49, 6),
(50, 6),
(51, 6),
(52, 6),
(53, 6),
(54, 6),
(55, 6),
(56, 6),
(57, 6),
(58, 6),
(59, 6),
(60, 6),
(61, 6),
(63, 6);

INSERT INTO `privilegio` (`id_recurso`, `id_rol`) VALUES
(1, 7),
(2, 7),
(3, 7),
(5, 7),
(20, 7),
(21, 7),
(22, 7),
(23, 7),
(24, 7),
(25, 7),
(26, 7),
(27, 7),
(28, 7),
(29, 7),
(30, 7),
(31, 7),
(38, 7),
(39, 7),
(40, 7),
(41, 7),
(42, 7),
(43, 7),
(44, 7),
(45, 7),
(46, 7),
(47, 7),
(48, 7),
(49, 7),
(50, 7),
(51, 7),
(52, 7),
(53, 7),
(54, 7),
(55, 7),
(56, 7),
(57, 7),
(58, 7),
(59, 7),
(60, 7),
(61, 7),
(63, 7);

INSERT INTO `privilegio` (`id_recurso`, `id_rol`) VALUES
(1, 8),
(2, 8),
(3, 8),
(5, 8),
(6, 8),
(9, 8),
(10, 8),
(11, 8),
(12, 8),
(13, 8),
(14, 8),
(15, 8),
(16, 8),
(17, 8),
(18, 8),
(19, 8),
(20, 8),
(21, 8),
(22, 8),
(23, 8),
(24, 8),
(25, 8),
(26, 8),
(27, 8),
(28, 8),
(29, 8),
(30, 8),
(31, 8),
(34, 8),
(35, 8),
(36, 8),
(37, 8),
(38, 8),
(39, 8),
(40, 8),
(41, 8),
(42, 8),
(43, 8),
(44, 8),
(45, 8),
(46, 8),
(47, 8),
(48, 8),
(49, 8),
(50, 8),
(51, 8),
(52, 8),
(53, 8),
(54, 8),
(55, 8),
(56, 8),
(57, 8),
(58, 8),
(59, 8),
(60, 8),
(61, 8),
(63, 8);

INSERT INTO `cuenta` (`id_persona`, `id_rol`) VALUES
(1, 1);

INSERT INTO `instituto` (`ID_INSTITUTO`, `ACTIVIDADECONOMICA`, `CARACTER`, `LOGO`, `NIT`, `NOMBREIMPUESTOS`, `NOMBREREGULADOR`, `PRECIOCREDITO`, `RESOLUCIONMINISTERIAL`, `UBICACION`, `id_directoracademico`, `id_rector`) VALUES
(1, NULL, NULL, NULL, NULL, NULL, NULL, NULL, NULL, NULL, 1, 1);
